project,run_id,suite,exit_code,line_number,fingerprint,occurrences,keyword,is_pipeline_issue,confidence,env_subsystem,labeled_at
material-ui,1609497448_f736ebe441d73c823919887ac0f8d5fa983ef0e0,test_coverage,1,325,120c4b765718f31e,184,"     Error: Timeout of 10000ms exceeded. For async tests and hooks, ensure ""done()"" is called; if returning a Promise, e",False,0.54,none,2026-09-26T11:43:23.930596+00:00
material-ui,1611148141_1b9eed20bb21af82eaf56562ea60aab39063b311,test_coverage,1,330,afda8f2c818189a2,1,      AssertionError: expected false to equal true,False,0.88,none,2026-09-26T11:43:23.939665+00:00
material-ui,1611567363_3e048a594fc7ce4f3df3f350d4153d75b1ca841d,test_coverage,1,253,576ac521eb2601ff,2,TypeError: Cannot redefine property: cardClasses,False,0.55,none,2026-09-26T11:43:24.100830+00:00
material-ui,1630832562_9d414ea04d327b8e54b5151d7e9e18239a6c63f5,test_coverage,1,337,d1d8a733c9268450,187,"     Error: Timeout of 10000ms exceeded. For async tests and hooks, ensure ""done()"" is called; if returning a Promise, e",False,0.54,none,2026-09-26T11:43:24.236115+00:00
material-ui,1646389341_298627c7339d1a5809518b0dbc212fe95c40a4e9,test_coverage,4,373,7593aa772987b57a,23,"     TestingLibraryElementError: Unable to find an accessible element with the role ""textbox""",False,0.91,none,2026-09-26T11:43:24.376312+00:00
material-ui,1658298299_c384078b102a6e039cd9f02138ff16f78c90c3d5,test_coverage,1,395,d4ae753183270fbf,1,"      AssertionError: expected { display: 'flex', …(5) } to deeply equal { …(5) }",False,0.93,none,2026-09-26T11:43:24.544439+00:00
material-ui,1668103601_269c1d0c7572fcb6ae3b270a2622d16c7e40c848,test_coverage,1,384,4367000a080d0a76,3,     Expected test not to call console.error() but instead received 2 calls.,False,0.92,none,2026-09-26T11:43:24.725235+00:00
material-ui,1696337865_3de335fd73c11699fc1ee1ec817226a1733df694,test_coverage,1,261,7184658add56b3bc,1,Error: Cannot find module 'test/utils',False,0.68,none,2026-09-26T11:43:24.830683+00:00
material-ui,1704759522_ea16771ba33d400108f9dcd80e4ec98bf2679513,test_coverage,1,620,ccb14e50c0afa055,378,     Expected test not to call console.error() but instead received 9 calls.,False,0.91,none,2026-09-26T11:43:24.957894+00:00
material-ui,1704759522_ea16771ba33d400108f9dcd80e4ec98bf2679513,test_coverage,1,14799,3e3fdc7e7d83169f,320,     Expected test not to call console.error() but instead received 3 calls.,False,0.93,none,2026-09-26T11:43:25.142732+00:00
material-ui,1704759522_ea16771ba33d400108f9dcd80e4ec98bf2679513,test_coverage,1,19545,8192d72c1824b79c,320,     Expected test not to call console.error() but instead received 7 calls.,False,0.93,none,2026-09-26T11:43:25.339728+00:00
material-ui,1704759522_ea16771ba33d400108f9dcd80e4ec98bf2679513,test_coverage,1,23277,0535f0fde1201460,111,     Expected test not to call console.error() but instead received 2 calls.,False,0.92,none,2026-09-26T11:43:25.421660+00:00
material-ui,1704759522_ea16771ba33d400108f9dcd80e4ec98bf2679513,test_coverage,1,23535,8fc674b10861038e,111,     Expected test not to call console.error() but instead received 2 calls.,False,0.92,none,2026-09-26T11:43:25.544380+00:00
material-ui,1712581111_53cc684131f9b714320d0a8f33663c2ed76e76a1,test_coverage,1,632,3462b8037aba456d,267,     Expected test not to call console.error() but instead received 1 calls.,False,0.93,none,2026-09-26T11:43:25.711216+00:00
material-ui,1717852224_1ee901b29abe22e3c369d793c24fd1bdcff35ab7,test_coverage,1,631,447dcd263ae1b372,58,      AssertionError: expected 2 to equal 4,False,0.9,none,2026-09-26T11:43:26.008493+00:00
material-ui,1717852224_1ee901b29abe22e3c369d793c24fd1bdcff35ab7,test_coverage,1,650,cba2e10da9fa1aa7,58,      AssertionError: expected 'false' to equal 'true',False,0.88,none,2026-09-26T11:43:26.028196+00:00
material-ui,1717852224_1ee901b29abe22e3c369d793c24fd1bdcff35ab7,test_coverage,1,662,e8ede39098b47a74,58,      AssertionError: expected +0 to equal 1,False,0.87,none,2026-09-26T11:43:26.164870+00:00
material-ui,1717852224_1ee901b29abe22e3c369d793c24fd1bdcff35ab7,test_coverage,1,673,410f7636db7daa47,58,      AssertionError: expected +0 to equal 1,False,0.85,none,2026-09-26T11:43:26.331826+00:00
material-ui,1717852224_1ee901b29abe22e3c369d793c24fd1bdcff35ab7,test_coverage,1,684,e280d883c8df6879,58,     AssertionError: expected a.MuiLink-root.MuiLink-colorPrimary.MuiLink-body-md.MuiLink-underlineHover.emotion-client-,False,0.86,none,2026-09-26T11:43:26.477941+00:00
material-ui,1717852224_1ee901b29abe22e3c369d793c24fd1bdcff35ab7,test_coverage,1,691,cb0546c2d5a64b52,58,     AssertionError: expected div.MuiListItemButton-root.MuiListItemButton-colorNeutral.MuiListItemButton-variantPlain.e,False,0.85,none,2026-09-26T11:43:26.621191+00:00
material-ui,1717852224_1ee901b29abe22e3c369d793c24fd1bdcff35ab7,test_coverage,1,697,a783a255e7c10ff3,58,      AssertionError: expected +0 to equal 1,False,0.83,none,2026-09-26T11:43:26.750487+00:00
material-ui,1717852224_1ee901b29abe22e3c369d793c24fd1bdcff35ab7,test_coverage,1,707,149335b90bf1ff8b,58,      AssertionError: expected null to not equal null,False,0.82,none,2026-09-26T11:43:26.966191+00:00
material-ui,1717852224_1ee901b29abe22e3c369d793c24fd1bdcff35ab7,test_coverage,1,846,e35874229ac90631,58,      AssertionError: expected null to not equal null,False,0.83,none,2026-09-26T11:43:27.060628+00:00
material-ui,1717852224_1ee901b29abe22e3c369d793c24fd1bdcff35ab7,test_coverage,1,862,ed61bd1c07b5ca56,58,     AssertionError: expected div.MuiButtonBase-root.MuiListItem-root.MuiListItem-gutters.MuiListItem-padding.MuiListIte,False,0.87,none,2026-09-26T11:43:27.253826+00:00
material-ui,1717852224_1ee901b29abe22e3c369d793c24fd1bdcff35ab7,test_coverage,1,876,50fad989bd05612c,58,      AssertionError: expected null to not equal null,False,0.85,none,2026-09-26T11:43:27.503664+00:00
material-ui,1717852224_1ee901b29abe22e3c369d793c24fd1bdcff35ab7,test_coverage,1,869,2cbccfd29fcd548a,58,     AssertionError: expected div.MuiButtonBase-root.MuiListItemButton-root.MuiListItemButton-gutters.MuiListItemButton-,False,0.85,none,2026-09-26T11:43:27.561121+00:00
material-ui,1717852224_1ee901b29abe22e3c369d793c24fd1bdcff35ab7,test_coverage,1,884,95b26ae7fb9b19df,58,      AssertionError: expected null to not equal null,False,0.84,none,2026-09-26T11:43:27.642932+00:00
material-ui,1717852224_1ee901b29abe22e3c369d793c24fd1bdcff35ab7,test_coverage,1,893,794e2cead6c5c8e6,58,"     TestingLibraryElementError: Unable to find an accessible element with the role ""tooltip""",False,0.87,none,2026-09-26T11:43:27.837354+00:00
material-ui,1717852224_1ee901b29abe22e3c369d793c24fd1bdcff35ab7,test_coverage,1,1092,b3cfb977c71b3ac7,58,     AssertionError: expected li.MuiButtonBase-root.MuiMenuItem-root.MuiMenuItem-gutters.MuiMenuItem-root.MuiMenuItem-gu,False,0.86,none,2026-09-26T11:43:27.978221+00:00
material-ui,1717852224_1ee901b29abe22e3c369d793c24fd1bdcff35ab7,test_coverage,1,1099,fef8e49e92098784,58,"     AssertionError: expected button#test-button[type=""button""] to have class 'focus-visible'",False,0.88,none,2026-09-26T11:43:28.102627+00:00
material-ui,1718117284_c7caa1d97fb8670c0a2ef6fe277e2352ed6f19ff,test_coverage,1,1100,e75ca1b654dd6f1a,27,      AssertionError: expected { [Symbol(mui.nested)]: false } to equal {},False,0.88,none,2026-09-26T11:43:28.266166+00:00
material-ui,1718727689_d3ef60158ba066779102fba775dda6765e2cc0f5,test_coverage,1,621,2ac6aacb4576c26e,4,      + expected - actual,False,0.9,none,2026-09-26T11:43:28.445594+00:00
material-ui,1721989659_257b3bc528f1711d4087f57ea299dcfec6fee10c,test_coverage,1,439,9a8906001959724b,2, Exception during run: Error: Cannot find module './BasePopper',False,0.54,none,2026-09-26T11:43:28.510752+00:00
material-ui,1721989661_2e6f73ca1c13616b4a072ff2de2b1d3015c1a0da,test_coverage,1,467,f3baa740a1091a59,1, Exception during run: Error: Cannot find module './useBadge',False,0.52,none,2026-09-26T11:43:28.694027+00:00
material-ui,1721989662_22ef52b059b46c080eb0df3d981576241217f127,test_coverage,1,433,27809699edd50bcd,2, Exception during run: Error: Cannot find module '../composeClasses',False,0.66,none,2026-09-26T11:43:28.845821+00:00
material-ui,1742124730_e88f260af2e27f82c5530e93970358f81a0d172d,test_coverage,1,10910,d5485b83aeed01e0,8,      + expected - actual,False,0.92,none,2026-09-26T11:43:29.051062+00:00
material-ui,1742124730_e88f260af2e27f82c5530e93970358f81a0d172d,test_coverage,1,10940,91a2a7503f0fcc86,8,      + expected - actual,False,0.9,none,2026-09-26T11:43:29.144686+00:00
material-ui,1742124730_e88f260af2e27f82c5530e93970358f81a0d172d,test_coverage,1,10972,dfed2a106a157699,8,      + expected - actual,False,0.9,none,2026-09-26T11:43:29.326056+00:00
material-ui,1742124730_e88f260af2e27f82c5530e93970358f81a0d172d,test_coverage,1,11004,b1fc9f0d4d9400c2,8,      + expected - actual,False,0.92,none,2026-09-26T11:43:29.425023+00:00
material-ui,1742124730_e88f260af2e27f82c5530e93970358f81a0d172d,test_coverage,1,11052,7ba83f34795ea838,8,      + expected - actual,False,0.91,none,2026-09-26T11:43:29.749405+00:00
material-ui,1742124730_e88f260af2e27f82c5530e93970358f81a0d172d,test_coverage,1,11084,731c53fddafa3478,8,      + expected - actual,False,0.9,none,2026-09-26T11:43:29.771271+00:00
material-ui,1742124730_e88f260af2e27f82c5530e93970358f81a0d172d,test_coverage,1,11115,0a3c007a855acf04,8,      + expected - actual,False,0.91,none,2026-09-26T11:43:29.952800+00:00
material-ui,1742124730_e88f260af2e27f82c5530e93970358f81a0d172d,test_coverage,1,11144,9dfb9aa4b7b58a1d,8,      + expected - actual,False,0.92,none,2026-09-26T11:43:30.064207+00:00
material-ui,1742124730_e88f260af2e27f82c5530e93970358f81a0d172d,test_coverage,1,11210,aa536f850e2073d1,8,      + expected - actual,False,0.83,none,2026-09-26T11:43:30.247246+00:00
material-ui,1742124730_e88f260af2e27f82c5530e93970358f81a0d172d,test_coverage,1,11239,5e4e365de9f44ce0,8,      + expected - actual,False,0.9,none,2026-09-26T11:43:30.332171+00:00
material-ui,1742124730_e88f260af2e27f82c5530e93970358f81a0d172d,test_coverage,1,11267,60169a6245922bbb,8,      + expected - actual,False,0.94,none,2026-09-26T11:43:30.518297+00:00
material-ui,1742124730_e88f260af2e27f82c5530e93970358f81a0d172d,test_coverage,1,11296,cc8ae5ed295c6056,8,      + expected - actual,False,0.93,none,2026-09-26T11:43:30.653636+00:00
material-ui,1742124730_e88f260af2e27f82c5530e93970358f81a0d172d,test_coverage,1,11325,be229041bad8fbbd,8,      + expected - actual,False,0.89,none,2026-09-26T11:43:30.780902+00:00
material-ui,1742124730_e88f260af2e27f82c5530e93970358f81a0d172d,test_coverage,1,11494,7b9b75760b39f0fb,8,      + expected - actual,False,0.92,none,2026-09-26T11:43:30.931794+00:00
material-ui,1742124730_e88f260af2e27f82c5530e93970358f81a0d172d,test_coverage,1,11523,b2ef47fefa6b64f1,8,      + expected - actual,False,0.93,none,2026-09-26T11:43:31.096347+00:00
material-ui,1742124730_e88f260af2e27f82c5530e93970358f81a0d172d,test_coverage,1,11544,4642ebe4cd6ba8da,8,      + expected - actual,False,0.92,none,2026-09-26T11:43:31.278750+00:00
material-ui,1742124730_e88f260af2e27f82c5530e93970358f81a0d172d,test_coverage,1,11565,38296fb043649594,8,      + expected - actual,False,0.91,none,2026-09-26T11:43:31.371996+00:00
material-ui,1742124730_e88f260af2e27f82c5530e93970358f81a0d172d,test_coverage,1,11593,3132453c4bc0e5ed,8,      + expected - actual,False,0.92,none,2026-09-26T11:43:31.606676+00:00
material-ui,1745825160_b1c3344ad02e9a35b77bd584f1478b318d5a851d,test_coverage,1,9664,c51184cbafe87e73,124,     NotFoundError: The child can not be found in the parent.,False,0.76,runner_env_config,2026-09-26T11:43:31.714127+00:00
material-ui,1745825160_b1c3344ad02e9a35b77bd584f1478b318d5a851d,test_coverage,1,9725,ad32f6212b71034d,124,      + expected - actual,False,0.51,runner_env_config,2026-09-26T11:43:31.824196+00:00
material-ui,1745825160_b1c3344ad02e9a35b77bd584f1478b318d5a851d,test_coverage,1,9785,b6930cccd331e0ed,124,"      AssertionError: expected <div class=""css-1ohja90""></div> to have computed style { width: '200px' }",False,0.55,none,2026-09-26T11:43:32.159938+00:00
material-ui,1745825160_b1c3344ad02e9a35b77bd584f1478b318d5a851d,test_coverage,1,9741,125bd1f1aadeb0c8,124,      AssertionError: expected <div …(2)></div> to have computed style { 'flex-wrap': 'wrap' },False,0.55,none,2026-09-26T11:43:32.207689+00:00
material-ui,1745825160_b1c3344ad02e9a35b77bd584f1478b318d5a851d,test_coverage,1,10269,f7accaeb9f7865df,124,      AssertionError: expected <div …(2)></div> to have computed style { 'mix-blend-mode': 'lighten' },False,0.52,none,2026-09-26T11:43:32.270306+00:00
