sha256_original	path
8c88d14a0acfae3bac4b2b0408b5fc49576ac7c2bd29308d741c1ddd39f68970	packages/docs/vite.config.mts
99f754db12e7a6856c3981bb301705967c05e09e4f15bab7d06a787a621566fb	packages/vuetify/vite.config.ts
054f24fea8691b2ce589ddad05dc913629d35d8c9a5b1eb4952d4e02b6228511	packages/docs/vite.config.mts
b6615850cd6c79711520776767308fe22706d959be5d3de400b3599d867b17a7	packages/docs/vite.config.mts
1ce6e73d1623772a7222f6a7703eede6c9a6bd91131ef968b56ef8d18e4ab55d	packages/docs/vite.config.mts
37873a152b1bee4707d558067b2aa4e901bbcbf496d94e7b32d0826725c4846a	packages/vuetify/vite.config.ts
97a6783a3d45d30bce09d74768f71ac59bbafee2ea8407e3e20cf927c7532884	packages/vuetify/vite.config.ts
6e0cc46d62e19adbc114eee28652cdfa7144d05337b1c293a8869eda9a15c6f0	packages/vuetify/vite.config.ts
f8ceaf2589b062508ed53efafa47cde1200aedbf5f42520bad71136ad1d8fe82	packages/docs/vite.config.mts
28fdb4b9e2b95613ca3c6a997629235fa8de385c42c6a6c01c97047d0cdadddb	packages/docs/vite.config.mts
05ca163b436df79d1038d995ef7a6163841758f78afa55a00b7d26eecf3e716c	packages/vuetify/vite.config.ts
5d748c7c749162eb107931c8f6e0c74a583e5c6435c2c800fa1d6a3659901767	packages/docs/vite.config.mts
864b1198a50020619ccbe816a0cc85a46092ed558a90605e7a4807ebf4e9ad0b	packages/vuetify/vite.config.ts
5eba5a5792dd2be5d599f8949d02ef3bd58af1083bd1c06c79e6842ef7a55cb1	packages/docs/vite.config.mts
9c3e3cb6394f634772701fe3aca285f97e904e959902df3aadf7577e5f659823	packages/docs/vite.config.mts
b5866fad61b9bfec97c9c3d04fa4382312c9c0b6e6c463b9a3f6e6228178d20c	packages/docs/vite.config.mts
b23e714d47364c1f199396226ef145e0942dab2edd06a6741196559679be7079	packages/docs/vite.config.mts
cfe302dbbfa4374e01cd3c2d23b0bfc45d12312f888410b21aec7c2d416579a3	packages/docs/vite.config.mts
15552073e02be3d7a31aec61b385673cfa908ebb23c5dea5767f4314c7143478	packages/docs/vite.config.mts
2ed4b8080eb68b29cae154d8a73cd0e26859763b75272a553947b29109779f00	packages/docs/vite.config.mts
bb8f3ed381177f0d90ac009accb134c723ca11d1ce2fa8b11f1e2892f8745f47	packages/vuetify/vite.config.mts
bcb3989357419a4e2a4f3e431517f69ea11b05b294ceef9e33f37612ffce7d90	packages/docs/vite.config.mts
8783591c886f64bff7c65f98ec1233477ef2ca7111d00b14080bebccc7bd92ca	packages/docs/vite.config.mts
0bcddedaa86a014998d8e7058cba74faab19b77e9139bc12b8d6056648ceac3b	packages/vuetify/vite.config.mjs
621a940f9f8f7641b3596f1b5c4491727b2ecd8ee51d49d11af55b41ab79ebef	packages/docs/vite.config.mts
610b10ee710bf7ff12dfdac2e9734b42b6aea7e6650ee947af6334b79be470b2	packages/docs/vite.config.mts
99f494763c702083f87640062873c9732a23fd34a6e7b6b3929f13844585e8e6	packages/docs/vite.config.mts
12df8e3f4492d5eaf3a5436e46cfea9fb3471ed53c742c984f2b0a05ff902813	packages/docs/vite.config.mts
94f1631e86ffd2aaffdf5fbc86320667b30c5f317e5397beef3145d465405b46	packages/docs/vite.config.mts
58225ee85964a06ea2d75ebb35b5f0382109f6e60215da06a2aa116e42193345	packages/vuetify/cypress.config.ts
690f628f10cfcd41c0a36c4c897298c6fbd9abb9c3e561a1b48c117548de85f3	packages/docs/vite.config.mts
4d074ecd46ec7c2ec65f23193bf650c2a0d2bbe651998c3004a20b77d74a6fd9	packages/docs/vite.config.mts
df643836d175604634cf73234d0fac96be108accaed3a256828d388ba4c2d25b	packages/docs/vite.config.mts
746649bbbd9daef3c923632251dd625475c6bbfca40e70ee5cfd6abf35c11e39	packages/docs/vite.config.mts
95530a4069e4ebdaa9d1fb13e6a1ad1e71d3003ee6dc4e3283b75513885cb172	packages/docs/vite.config.mts
7b2403dae14b2f2e4d2e08cabe20fb9be27551feb64d45d3e267a850ce1be4d5	packages/vuetify/vite.config.mjs
dbaf6f2ee4656ffa82df78231feb2bff36bbf4abb6d107ad29a1dcabdbe5c997	packages/vuetify/vite.config.mjs
387593f64988779abe7381b0cce95301738cfc79972edd9be65e46d220e0a29d	packages/docs/vite.config.mts
c996c7a2e0e8084b022d279b87e0514e742a14cacbc25ee32d4fa440fe726e2c	packages/docs/vite.config.mts
96cf56dee001d884f7d52e2cc8d4b5e4f91418980c1dc044d84389308eb77af3	packages/docs/vite.config.mts
8893b2407fe9d1df33b9233f62f11467af21df4d0878bcb69d86f4e2b1d3e270	packages/docs/vite.config.mts
6e6a09f8dde55e66499fdcdb3d169c5155f5e1ab197b8511ba882d3b41d83a15	packages/vuetify/vite.config.mjs
5ad48227f9759be8c608aee35cd6478f035df330306b2319dfccc8f38038cc65	packages/docs/vite.config.mts
a6e19338c369959eb1570df7a5b64625ab4b0d5a19902f8420b38effb821a39a	packages/docs/vite.config.mts
b49aba54ecb2813328e2ffe30920b145ee70e40ae35fd23d7ff5f815ebbbce61	packages/docs/vite.config.mts
fdcfe43b156a926aaa02d4f6d242050d28b8b1147928e333bb11b324d04ba6ad	packages/docs/vite.config.mts
cea0feeeb39336217de0119003ae4347ff6628a4db0b14917053d3e208b4ec3b	packages/docs/vite.config.mts
87466c60d1c940d52a42d535ee1e06d22e7d05efca6cc9af94af2213d4be4971	packages/docs/vite.config.mts
6bee91c4651f060f36ed1e978ee3f01f1ef90761e9aab2a6d8b76c668ab75b19	packages/docs/vite.config.mts
874c20df22e53f4b64d5833e61a1db8a1404c7fbca60cd73a39136bf6b747fa8	packages/docs/vite.config.mts
00d7409eb5b2bf01e7e139862b90c4f2d2798d52c975050ff8c8470ef00e1b9c	packages/vuetify/vite.config.mjs
90a938c9a38632c2abb484086e0c83aa53af3ab98c42a85a75f4f7b0454f0118	packages/vuetify/vite.config.mjs
8b551c6e16147121b573cafb02d72c9092d4ffa24ac6c82fcadcd9a67897a4ca	packages/docs/vite.config.ts
bdb1e51ca27139e0da35748849f9f5a39a920ff079e36eded704e604be03dc32	packages/docs/vite.config.ts
32b0d0d90aae81553e6d7189043e1c31453a6b7a7d0072dc50d2317666b1e7fe	packages/vuetify/vite.config.mjs
228152d250729945c0f8b3310a02320a1fdedf933ec1272c60343d5f152abe0d	packages/docs/vite.config.ts
8553a67ba90ab87bda2da9864665f9c20f5b4bc042330ffc336ecf89c6ba06b5	packages/docs/vite.config.ts
d8181cfa527ab2307c3843a906d5899c29fc4938663c8a20d2b20a84f649fc5a	packages/docs/vite.config.ts
2fbfcfa72c81db68632f3fd7eca51158e42cd5c800be9143d592a80cf8d0af8b	packages/docs/vite.config.ts
22fc30b78b9027717cbd14ede68a08992990294ba6053895e64b6ee2622eb1ae	packages/vuetify/vite.config.mjs
fae0be335dcc1aef323a822416a87beb872f18e01a874d8647e16aa13c2708e3	packages/docs/vite.config.ts
626e5dcfba842651e5d52621412ef6c0680b3e180a6380cd4b9f6dbf0bd6494e	packages/vuetify/vite.config.mjs
fae0be335dcc1aef323a822416a87beb872f18e01a874d8647e16aa13c2708e3	packages/docs/vite.config.ts
626e5dcfba842651e5d52621412ef6c0680b3e180a6380cd4b9f6dbf0bd6494e	packages/vuetify/vite.config.mjs
ddc5f7aed784fe5623ee8c9412ae562dd94d5862fa4d1de5e76f2deab37cec99	packages/docs/vite.config.ts
0d0801c576e920507f28dd9587897b69bae1fbd0889afdb523a1deb8b47b799e	packages/docs/vite.config.ts
fd7356ba8b8b27836841644ee8a2e0018cc4716732256b3838e95e3d1e8f9cc1	packages/docs/vite.config.ts
b31f74ba95a078ddabb00a086e30cedae593f95e644ff2dc84a1869814fffb86	packages/docs/vite.config.ts
47eff8636c70af48c6ea6f052099134fbd414e46458b28e198204292b8dd0782	packages/docs/vite.config.ts
6c244670050628c4cea13904e378e7584686e2511751f6e6f4e11137b9029b48	packages/docs/vite.config.ts
776346b7480c9b8a5e8180a6be9e42720a23d085b5953d5b623820e9ea00ee1d	packages/vuetify/vite.config.mjs
0a8680ca20f38b8fe57f7d8a2000df7298f6f9a9a7094b36d7fbae534abdf949	packages/docs/vite.config.ts
c4a9ae03d4e6afe4e41e83b3c262393d079a212cb8c55d12b3fe984dfc5ba9bd	packages/docs/vite.config.ts
1c7ebe9a19baf08dfe0cb212b9395f5deba5cc15422eff60908b8c6007a1075a	packages/docs/vite.config.ts
d33ce6653c0a25d45b066484ef94ce1fbdcf3ac0f89c611a977b9c0068601f0b	packages/docs/vite.config.ts
5f70c95cf91247c8f6b00ba29acbcf3eb797828cd03fda942d2ea33d4f1c57da	packages/docs/vite.config.ts
e3b26e2a3065d5726ce2e23f29eb9ceb0d6a31249bc174f93b0b2756348fa597	packages/docs/vite.config.ts
9d3d1694037f15d7ba5eece2c130d356e1dc24f449c95f723ad235ec51479905	packages/vuetify/vite.config.mjs
f94edf48143ac3b7ea9be0ff6f15cc79b3b1416c539fef6bc9478a7334fd1e1b	packages/docs/vite.config.ts
3697495ea02339e8f155e6f0d6666585b7f66dcbec9656b97378c76642dad7c6	packages/vuetify/vite.config.mjs
a7c99388c4922f27474d576355d99701604462cbf724231ab444c058eaa951d2	packages/vuetify/cypress.config.ts
a3090f85d36883b6a0fdfda54d3e41428a9b7c1a6c518043e9f0acf6d191994a	packages/vuetify/vite.config.mjs
a72154cf2389f166c7d063867710e7d00a755e9b099ce7be279498ab8d091ece	packages/vuetify/cypress.json
b3cf46a1bbb9fd8ef04ea8c44b23121ce3ae7f52cc952b1dd8351366384c83e4	packages/docs/vite.config.ts
c9a7d562c0e667a9e54b37496204cc3fd9b229b29476d7931db6b05f79938bcd	packages/docs/vite.config.ts
78cf079bbc1892fd89d9f98222e0e6a3e2518ab1be56a3c34aa68fc3c7d47bc1	packages/docs/vite.config.ts
b6409401653e9f42ddf304c3036b1c1fe0e118aa04fb2122b4cf089890ca7720	packages/docs/vite.config.ts
e7ad009cf3ecf9b20d9310e8fe6cf1f72cac2e064a8cc7a9f3e78ec0a4dd8dd2	packages/vuetify/cypress/support/index.ts
37379f5dd09d14ceb2c69f40a1b301bc968aac504a510d6c60a0c0d6ba557d91	packages/vuetify/vite.config.mjs
5c1205c1e40e18e1244e0759fdaeb643316dc84c692d3610ef30dcc6906c6835	packages/vuetify/cypress/support/index.ts
6cdd5f398303ca556a9ef3907acf7d294489c891e8b7d2e67e5b7dee794c163c	packages/docs/vite.config.ts
e377c77ac7f6296ab91ba22bb4a0cfe4f0503b6a54d8960a1a27582cc089e0c9	packages/docs/vite.config.ts
7a4621ade986f08883941281e4534be63a07978cba7b148124a28852f2814652	packages/docs/vite.config.ts
8e9be1c04672e16bcd93930fe471962fb53dd90171ed309c1745d0b7e22c05ee	packages/vuetify/vite.config.mjs
f751ff99a32ee57021e738a5946d3bb4439124025e0e4cbd3d7bbc6a4348fd11	packages/vuetify/cypress.json
e47ca6cdc643f99308e603440bc1ed43330b4ab2ca9a29861e0d2c2f4610adcb	packages/vuetify/cypress/support/index.ts
2c84f3a8a33827566d4eaa06478c88eedff880cc0f7406dcd1f4f1d2cb84723b	packages/vuetify/vite.config.js
2bce25ab276177d72e1d37f86d8793e0e2be68870ae988e2ac3e85cefbd36f6b	packages/vuetify/vite.config.js
0370e843c25669152ab3f090291b8b134e667760a6e05a73ada4146b2b5119ce	packages/vuetify/cypress/support/index.ts
b0445b53e01b89b2680dfb7eb90579991de6d7677e89b4036e2284f67d3a9b24	packages/vuetify/cypress/support/index.ts
0f25303c25062a190ce79f0714b6c0f440319aa377f72a46ffb7f83c06fd444b	packages/vuetify/vite.config.js
e257a265935efc5f1861392011b929400961c8dba5a592839e1cb612607aa7bf	packages/vuetify/cypress/support/index.ts
8743fed7cecc0e295b9de4bd8be363fd04474a7d4613e518f0b69c546c8c652b	packages/vuetify/vite.config.js
4eb8854832be0aa8e26135c8c64dc707b7d42f4fbcf5625181ae08b7086a34e2	packages/vuetify/cypress.json
6b845420db24243a782ced47789dc3de00f258c5f384a6fabc941c2b7da05f0e	packages/vuetify/cypress.json
10912ee5c2124aa59c8c76694baba0442c70050488f78002c9330557e9829ce7	packages/vuetify/cypress/plugins/index.js
329407c793251b9862567c2c855049b5b73b785147b406e0928f3281bf403306	packages/vuetify/cypress/support/index.ts
96126686650a6b3bc2375095e92a00cc4d68f053d9e71a4a969f903084f0e22f	packages/vuetify/cypress.json
6a04eabf93f0e5a94276eb9b61637f5b1aa11c382170eea27ec3c0978dcd1a59	packages/vuetify/cypress/plugins/index.js
daacc7584c905b8ba7623ce00d31f720bda21b3ed1f4f1c0c3d23669521dfe15	packages/vuetify/cypress/support/index.js
d5ce1c7f9b91abf5d77cc3ad0a4c2047ad6c816441c3bce837437dd8873188d5	packages/vuetify-rollup/vite.config.js
40203c0b407f35893dfbc59acd62e0cadcc0f2bd0ba2383010ea93cda16abec5	packages/vuetify-rollup/vite.config.js
0168883db11d680a2c116b792786ae5174cc7dd84dfccf590578aa3f9a8772ad	packages/kitchen/cypress.json
752d7c1127272d92f5b7bac208ac429ab1530a5f1a159908063d60fd0d5a2f5a	packages/kitchen/cypress/plugins/index.js
b902716b089f7b2b07a99c9061faad1c1ec56e3fe2865457248ba4b64e3befc3	packages/kitchen/cypress/support/index.js
